,Start,End
0,2021-11-24 22:54:11.852846,2021-11-24 22:54:12.377389
1,2021-11-24 22:54:12.448883,2021-11-24 22:54:13.777918
2,2021-11-24 22:54:13.911127,2021-11-24 22:54:13.975054
3,2021-11-24 22:54:14.374750,2021-11-24 22:54:14.906295
4,2021-11-24 22:54:15.236881,2021-11-24 22:54:16.172673
5,2021-11-24 22:54:16.507982,2021-11-24 22:54:16.572468
6,2021-11-24 22:54:18.100722,2021-11-24 22:54:18.231531
7,2021-11-24 22:54:23.020131,2021-11-24 22:54:23.087473
8,2021-11-24 22:54:23.221555,2021-11-24 22:54:23.549806
9,2021-11-24 22:54:27.742270,2021-11-24 22:54:29.335481
10,2021-11-24 22:54:30.666842,2021-11-24 22:54:32.364145
